Hotel Name,Rating,Rating Description,Reviews,Star Rating,Location,Nearest Landmark,Distance to Landmark,Price,Tax
"Taj Club House, Chennai",4.3,Excellent,2000,5,Royapettah,,,"6,390",767
The Park Chennai,3.7,Very Good,8366,5,Near US Consulate,,,"7,198","2,167"
"Taj Fisherman's Cove Resort & Spa, Chennai",4.3,Excellent,1856,5,Covelong ,city centre,36.3 km ,"12,555","2,260"
Hotel Savera,4,Very Good,7458,4,Mylapore,,,"4,612","1,091"
Ibis Chennai OMR - An Accor Brand,4.1,Very Good,2545,4,Sholinganallur,,,"3,345",
"Taj Coromandel, Chennai",4.5,Excellent,784,5,Near US Consulate,,,"11,200",
Courtyard by Marriott Chennai,4.2,Very Good,1208,4,Mount road,,,"7,500",
Radisson Blu Hotel Chennai City Centre,4.3,Excellent,3991,5,Egmore,,,"9,443",
FIRST INN HOTELS,3.8,Very Good,214,,Perungudi,,,"2,907",594
Ibis Chennai City Centre - An Accor Brand,3.9,Very Good,2213,3,Mount road ,Thousand Lights Mosque,540 m ,"5,299",
Rohaan Inns - UPAR Ashok Nagar,4.1,Very Good,179,,Ashok Nagar ,Chennai Airport,9.4 km ,"1,771",495
"Vivanta Chennai, IT Expressway",4.4,Excellent,1601,5,Sholinganallur,,,"7,360",
"Taj Connemara, Chennai",4.5,Excellent,1215,5,Chennai,,,"7,600","1,368"
Four Points by Sheraton Chennai OMR,4.1,Very Good,2314,4,Sholinganallur,,,"5,859","1,197"
Ramada Plaza by Wyndham,4.5,Excellent,3185,5,Saidapet ,Chennai Airport,7.6 km ,"7,533","2,554"
Citadines OMRChennai,4.4,Excellent,1714,5,Sholinganallur,,,"11,340",
The Leela Palace Chennai,4.5,Excellent,1261,5,Raja Annamalai Puram,,,"10,800",
"The Raintree, Annasalai",4.4,Excellent,2376,5,Mount road,,,"7,299",
Hablis,4.2,Very Good,4529,4,Mount road ,Chennai Airport,5.9 km ,"5,271","1,124"
Novotel Chennai Chamiers Road,4.3,Excellent,1002,5,Nandanam,,,"7,391",
The Residency,4.2,Very Good,1714,4,T Nagar,,,"5,336","1,455"
The Residency Towers,4.3,Excellent,1151,5,T Nagar,,,"6,696","1,826"
Novotel Chennai OMR - An Accor Brand,4.3,Excellent,1001,5,Sholinganallur,,,"6,134",
Hotel Southern Comfort ( Chennai Airport ),3.6,Very Good,2962,3,Chennai Airport ,Chennai Airport,1.3 km ,"2,870",757
Lemon Tree Hotel Chennai,3.6,Very Good,3059,4,Saidapet ,Chennai Airport,7.8 km ,"2,487",903
The Pride Hotel Chennai,3.6,Very Good,1911,4,Kilpauk,,,"3,399",408
"Ginger Chennai, Vadapalani",3.5,Very Good,2282,3,Vadapalani,,,"2,699",
UPAR Nungambakkam,4.1,Very Good,281,,Nungambakkam,,,"2,716",633
Ginger Chennai,3.5,Very Good,2071,3,Tharamani,,,"3,299",
Holiday Inn Express Chennai OMR Thoraipakkam,3.5,Very Good,2087,4,Thoraipakkam,,,"3,680",480
Raj Park Chennai,3.6,Very Good,1158,4,Teynampet,,,"3,953",935
"UPAR Uthandi, ECR
Like a 3",3.6,Very Good,94,,East Coast Road (ECR),,,"1,317",397
Hotel Abu Palace,3.4,Good,1592,4,Purasawalkam ,Chennai Egmore Railway Station,920 m ,"2,947",789
Ramada Chennai Egmore,3.9,Very Good,4600,4,Egmore,,,"4,557","1,078"
Hyatt Regency Chennai,4.1,Very Good,1152,5,Teynampet,,,"7,499",
"Lemon Tree Hotel, Shimona, Chennai",4,Very Good,1288,4,Manapakkam ,Chennai Airport,9.0 km ,"2,819","1,115"
Trident Chennai,4.5,Excellent,1140,5,Chennai Airport ,Chennai Airport,3.0 km ,"12,750",
Holiday Inn Chennai OMR IT Expressway,4.2,Very Good,1676,5,Thiruvanmiyur,,,"7,499",
Ibis Chennai SIPCOT - An Accor Brand,4,Very Good,1479,3,Egatoor ,city centre,31.2 km ,"3,299",
The Accord Metropolitan,4.1,Very Good,2220,5,T Nagar,,,"6,500","1,957"
Park Hyatt Chennai,4.5,Excellent,525,5,Guindy ,Chennai Airport,7.8 km ,"9,000",
OYO Home Fantasea Uthandi Near Juhu Beach,1.9,Poor,7,,Uthandi,,,769,40
Gokulam Park Sabari - Siruseri SIPCOT,4.2,Very Good,1271,4,Navallur,,,"5,719","1,244"
BOULEVARD BY DESIGN HOTEL,4.1,Very Good,821,4,Velachery ,Chennai Airport,8.7 km ,"4,860","1,026"
Fairfield by Marriott Chennai OMR,4.2,Very Good,983,4,Sholinganallur,,,"4,850",
ITC Grand Chola - A Luxury Collection Hotel,4.4,Excellent,2603,5,Guindy ,Chennai Airport,7.8 km ,"12,500",
The Ambassador Pallava,4,Very Good,1926,4,Egmore,,,"8,079","2,432"
Le Royal Meridien,3.9,Very Good,1968,5,Mount road ,Chennai Airport,5.6 km ,"9,000",
"Taj Wellington Mews, Chennai",4.7,Excellent,327,5,Tharamani,,,"10,560",
Novotel Chennai Sipcot - An Accor Brand,4.3,Excellent,855,5,Egatoor ,city centre,31.6 km ,"8,138",
The Mount Manor,3.4,Good,874,3,Chennai Airport ,Chennai Airport,3.8 km ,"2,350",634
Green Park Chennai,4.2,Very Good,1503,5,Vadapalani,,,"6,696","1,368"
Mango Hill central Chennai,3.2,Good,196,3,T Nagar,,,"3,314",677
Venture Park,3.5,Very Good,1192,3,Thoraipakkam,,,"1,315",339
Grand Chennai by GRT Hotels,4.5,Excellent,1535,5,T Nagar,,,"8,550","1,710"
"Season 4 Residences, Nungambakkam",3.7,Very Good,101,,Near US Consulate,,,"2,591",620
Ginger Chennai OMR,4.5,Excellent,161,3,Navallur,,,"2,479",
Hotel Pandian,3.5,Very Good,2322,2,Egmore,,,"1,595",342
Hilton Chennai,4.3,Excellent,811,5,Guindy ,Chennai Airport,8.2 km ,"11,000",
FORTEL,3.5,Very Good,502,,Egmore,,,"3,118",703
Royal Park,3.1,Good,10,,Near Marina Beach,,,"1,351",407
Fairfield by Marriott Chennai Mahindra World City,4.2,Very Good,442,4,Mahindra World City ,city centre,45.7 km ,"5,533","1,130"
Crossway Parklane Airport Hotel,3.2,Good,517,3,Meenambakkam ,Chennai Airport,2.9 km ,"2,544",574
Hotel Ashok Residency,3.7,Very Good,559,3,Porur,,,"4,290",933
Hotel Greens Gate (Near Central station),3.6,Very Good,1869,,Poongavanapuram,,,"1,887",498
HOTEL RANJITH,4,Very Good,159,3,Near US Consulate,,,"5,208","1,064"
"Welcomhotel by ITC Hotels, GST Road, Chennai",4.2,Very Good,510,5,Singaperumal Koil ,city centre,43.6 km ,"7,200",
Regenta Central RS Chennai SIPCOT OMR,4.4,Excellent,740,4,Egatoor ,city centre,31.6 km ,"3,824",459
CRESCENT PARK (near US Consulate Chennai),4.1,Very Good,284,3,Nungambakkam,,,"2,307",471
Harrisons,4,Very Good,604,3,Nungambakkam,,,"3,906",798
MGM Beach Resorts (15Kms before Mahabalipuram),3.9,Very Good,2900,4,Muttukadu ,city centre,31.8 km ,"25,110","7,812"
PARK PLAZA CHENNAI OMR,4,Very Good,198,5,Thoraipakkam,,,"4,200",
Feathers A Radha Hotel Chennai,4.3,Excellent,447,5,Manapakkam ,Chennai Airport,9.7 km ,"8,999",
V7 HOTEL,3.2,Good,1120,3,Porur,,,"3,667",896
"Keys Select by Lemon Tree Hotels, Katti-Ma, Chennai",3.7,Very Good,400,3,Adyar,,,"2,240",796
Hostel Gandhi,4.2,Very Good,109,,Saidapet ,Chennai Airport,8.0 km ,"1,307",107
Grand Cascade,3.6,Very Good,1402,3,Poongavanapuram ,Chennai Central Railway Station,730 m ,"2,052",502
Days Hotel Chennai OMR,4.3,Excellent,392,4,Kelambakkam ,city centre,35.3 km ,"2,767",565
PP Residency,4,Very Good,421,,Chennai ,city centre,35.0 km ,"2,768",713
Highnest | Rooms & Caretaker,3.5,Very Good,52,,Kattankolatur R.F. ,city centre,40.6 km ,"2,815",633
Grand Elegant,3.9,Very Good,1064,,Poongavanapuram,,,"2,046",418
Accord Chrome,4.5,Excellent,217,,Chromepet ,Chennai Airport,5.4 km ,"6,975","1,425"
AVENUE HOTEL -CHENNAI AIRPORT,3.6,Very Good,1338,,Pallavaram ,Chennai Airport,3.1 km ,"2,671",546
La Woods hotel (1Km from us consulate chennai),4,Very Good,323,,Mount road,,,"3,360",403
E Hotel,4.1,Very Good,590,4,Royapettah,,,"6,749",810
Hotel Bakya Slot - Maraimalai Nagar,3.6,Very Good,210,3,Maraimalai Nagar ,city centre,37.4 km ,"2,046",484
Pharos Hotels,4.3,Excellent,73,3,Nungambakkam,,,"4,650","1,100"
Al Noor Palace,4,Very Good,290,,Triplicane ,Marina Beach,1.8 km ,"2,093",428
JS Five two By twinstar hotel,4,Very Good,68,,Raja Annamalai Puram,,,"3,794",976
HOTEL HALEZ,4.3,Excellent,490,,Sholinganallur,,,"3,800",456
Essentia Premier Hotel,4.1,Very Good,63,4,Thoraipakkam,,,"3,989",479
ILARA Hotel & Spa,4,Very Good,785,3,Navallur,,,"2,650",576
The Centrepoint OMR,3.8,Very Good,886,3,Sholinganallur,,,"3,322",723
"KLASE HOTELS, GUINDY",3.3,Good,260,3,Mount road ,Chennai Airport,8.4 km ,"2,914",768
Just Guest House,4,Very Good,745,,Pazhavanthangal ,Chennai Airport,4.0 km ,"3,149",811
GRAND OLIVER,3.6,Very Good,490,,Poongavanapuram,,,"1,243",302
"Pebbles Serviced Apartments
Like a 3",4.2,Very Good,179,,T Nagar,,,"2,349",547
Mercure Chennai Sriperumbudur - An Accor Brand,4.2,Very Good,70,5,Oragadam ,city centre,43.0 km ,"5,900",
ZAITH RESIDENCY,3.4,Good,243,,Thousand Lights,,,"2,355",635
Mount Kailash Suites,4,Very Good,422,3,Mount road ,Chennai Airport,9.2 km ,"2,516",615
The Mount City near US Consulate,3.6,Very Good,395,,Triplicane ,Marina Beach,2.9 km ,"1,748",460
The Park Bangalore,3.9,Very Good,4187,5,Ulsoor,,,"7,567","2,254"
"Keys Select by Lemon Tree Hotels, Whitefield, Bengaluru",4,Very Good,2201,4,Brookefield,,,"1,509",531
ITC Windsor - A Luxury Collection Hotel,4.4,Excellent,1315,5,Vasanth Nagar ,Bangalore Palace,2.4 km ,"9,900",
Lemon Tree Premier Ulsoor Lake Bangalore,4,Very Good,5089,5,Sivanchetti Gardens ,Ulsoor Lake,770 m ,"2,347",918
"Keys Select by Lemon Tree Hotels, Hosur Road, Bengaluru",4,Very Good,3290,4,Hosur road,,,"2,522","1,014"
The Chancery Pavilion,3.8,Very Good,4764,5,Ashok Nagar ,MG Road,2.4 km ,"6,580","1,540"
Radisson Blu Atria Bengaluru,4.3,Excellent,2372,5,Palace road,,,"10,200",
Lemon Tree Hotel Electronics City Bangalore,4.1,Very Good,2314,4,Electronic City,,,"2,598","1,016"
"Welcomhotel by ITC Hotels, Richmond Road, Bengaluru",4.3,Excellent,2076,5,Richmond road,,,"7,700",
Grand Mercure Bangalore - An Accor Brand,4.3,Excellent,426,5,Koramangala,,,"9,700",
Holiday Inn Express Bengaluru Yeshwantpur,3.7,Very Good,1602,3,Tumkur road,,,"3,680",480
goSTOPS Bengaluru - Rooms & Dorms,4.2,Very Good,500,,Gandhi Nagar,,,"1,098",269
Holiday Inn Bengaluru Racecourse,4,Very Good,2156,5,Gandhi Nagar,,,"7,249",
Fortune Select JP Cosmos - Member ITC Hotel Group,4,Very Good,2944,5,Vasanth Nagar ,Bangalore Palace,2.9 km ,"5,999",
Hyatt Centric MG Road Bangalore,4.2,Very Good,1162,5,Ulsoor,,,"6,250",
Ibis Bengaluru City Centre - An Accor Brand,3.9,Very Good,1805,4,Sampangi Rama Nagar ,Cubbon Park,1.8 km ,"4,299",
"The Fern Residency - Yeshwanthpur, Bengaluru",4,Very Good,1618,4,Tumkur road,,,"4,112",831
Ashraya International Hotel,3.7,Very Good,664,3,Infantry Road ,MG Road,2.3 km ,"2,792",564
Davanam Sarovar Portico Suites,4.3,Excellent,1865,4,Koramangala,,,"5,076","1,026"
"Taj M G Road, Bengaluru",4.6,Excellent,1715,5,Sivanchetti Gardens ,MG Road,2.9 km ,"9,000",
Draper Startup House Koramangala | Dorms & Rooms,4.4,Excellent,222,,Koramangala,,,"1,113",294
The Lalit Ashok Bangalore,3.8,Very Good,2542,5,Seshadripuram,,,"6,698","1,354"
"Vivanta Bengaluru, Residency Road",4.3,Excellent,1022,5,Residency Road ,MG Road,1.5 km ,"7,000",
ibis Bengaluru Hebbal - An Accor Brand,4.1,Very Good,237,4,Hebbal,,,"4,499",
Vividus,4.2,Very Good,1791,5,Gandhi Nagar,,,"6,547","2,156"
Citrus Hotel Cunningham,4.1,Very Good,1869,5,Cunningham Road ,Indira Gandhi Musical Fountain Park,780 m ,"3,934","1,075"
Citrus Classic Bengaluru,3.9,Very Good,527,4,Outer Ring Road,,,"3,575",977
"Taj Yeshwantpur, Bengaluru",4.6,Excellent,2138,5,Tumkur road,,,"7,500",
Lemon Tree Hotel Whitefield,4.1,Very Good,2327,4,Brookefield,,,"2,347",843
"Golden Lotus Bangalore Boutique Suites | Rooms & Garden
Like a 3",3.8,Very Good,865,,Richmond road ,MG Road,3.0 km ,"2,660",754
Ramada Encore,4.4,Excellent,4271,4,Domlur Layout,,,"5,640","1,140"
Ibis Bengaluru Hosur Road - An Accor Brand,3.9,Very Good,1381,3,Hosur road,,,"4,499",
"The Oberoi, Bengaluru",4.7,Excellent,1565,5,Ulsoor,,,"11,500",
Holiday Inn Express Bengaluru Whitefield ITPL,3.5,Very Good,1242,3,Whitefield,,,"3,399",
The Hosteller Bangalore Brigade Road,,,,,Ashok Nagar ,MG Road,2.2 km ,"1,330",315
Ginger Bangalore (IRR),3.6,Very Good,1639,3,Domlur Layout,,,"1,689",
Gokulam Grand Hotel & Spa,4.1,Very Good,1537,5,Mathikere,,,"6,409","1,295"
Bloom Hotel - Airport Road Bengaluru,4.4,Excellent,191,3,Near Bangalore Airport ,Kempegowda Airport ,7.7 km ,"4,000",
Hotel Ramanashree Richmond Circle,3.8,Very Good,686,3,Sampangi Rama Nagar ,Cubbon Park,2.1 km ,"2,792",564
"SRS Suites
Like a 3",4.4,Excellent,20,,Koramangala,,,"3,178",806
JP CORDIAL,3.7,Very Good,1750,3,Majestic,,,"2,726",638
Taj Bangalore,4.6,Excellent,1172,5,Near Bangalore Airport ,Kempegowda Airport ,900 m ,"11,750",
Radisson Bengaluru City Center,4.5,Excellent,1283,4,Ulsoor,,,"7,500",
The Pride Hotel Bangalore,3.8,Very Good,1526,4,Richmond road ,Cubbon Park,2.6 km ,"4,599",552
BloomSuites | Electronic City,4.1,Very Good,643,4,Electronic City,,,"5,000",
Southern Star Bangalore,3.9,Very Good,1320,4,Ashok Nagar ,MG Road,910 m ,"3,082",872
Royal Orchid Central Bangalore,3.7,Very Good,3836,4,Ulsoor ,MG Road,2.3 km ,"5,823",699
Shivas Galaxy Hotel,4.1,Very Good,963,4,Near Bangalore Airport ,Kempegowda Airport ,8.2 km ,"2,900",604
"The Bouvice
Like a 3",4.2,Very Good,151,,Koramangala,,,"2,279",624
JW Marriott Bengaluru Prestige Golfshire Resort and Spa,4.7,Excellent,100,5,In Devanhalli ,Bangalore city centre,52.0 km ,"25,000",
La Sara Grand (Formerly Known as Nandhana Grand),4,Very Good,838,3,Koramangala,,,"2,939",752
Zone By The Park Infantry,3.9,Very Good,762,5,Infantry Road ,MG Road,1.9 km ,"4,252","1,021"
The Chancery,3.9,Very Good,2155,4,Ashok Nagar ,MG Road,980 m ,"4,230",990
Nash Inn Electronic City,3.1,Good,321,,Electronic City,,,979,268
Radisson Blu Bengaluru Outer Ring Road,4.2,Very Good,1159,5,Outer Ring Road,,,"8,000",
"Ginger Bangalore, Whitefield",3.7,Very Good,1198,3,Brookefield,,,"1,884",
Hotel Royal Orchid Bangalore,3.9,Very Good,2185,5,Domlur Layout,,,"7,268",872
"The Hosteller Bangalore, Koramangala",4.3,Excellent,13,,Koramangala,,,"1,295",294
Silicon City Hotel,3.4,Good,695,4,Hosur road,,,"1,586",418
Country Inn And Suites By Radisson Bengaluru Hebbal,3.8,Very Good,1928,4,Hebbal,,,"3,500",
Octave Himalaya Monarch,4,Very Good,2624,3,Gandhi Nagar,,,"1,645",333
Greenpark Bengaluru,4.7,Excellent,62,4,Bannerghatta Main road,,,"6,345","1,350"
ITC Gardenia - A Luxury Collection Hotel,4.5,Excellent,1389,5,Ashok Nagar ,MG Road,2.1 km ,"11,700",
The Continentti Whitefield,4,Very Good,1189,3,Brookefield,,,"2,791",564
The Monarch Luxur,3.9,Very Good,775,4,Infantry Road ,MG Road,1.6 km ,"3,723",752
Ballal Residency,3.9,Very Good,875,3,Residency Road ,MG Road,2.3 km ,"3,084",836
Hibernest Indiranagar,4.2,Very Good,142,,Indiranagar,,,"1,005",325
Fortune Park JP Celestial-Member ITC Hotel Group,3.8,Very Good,1876,4,Gandhi Nagar,,,"5,292",
"Click Hotel Bangalore, International Airport",4.2,Very Good,438,3,Near Bangalore Airport ,Kempegowda Airport ,8.0 km ,"3,510",421
Omatra Hotel HSR,3.4,Good,91,,Outer Ring Road,,,"2,194",539
Svenska Design Hotel,3.3,Good,627,,Electronic City,,,"1,999",642
Peninsula Suites,3.9,Very Good,1341,4,Whitefield,,,"2,264",306
Iris Hotel & Spa Bangalore,4.1,Very Good,1016,4,Residency Road ,MG Road,2.1 km ,"5,330","1,247"
SM Royal Stay Hotel near Intl Airport Bangalore,4.2,Very Good,47,3,Near Bangalore Airport ,Kempegowda Airport ,5.0 km ,"1,692",360
"Halcyon Residences
Like a 3",3.8,Very Good,613,,Koramangala,,,"2,759",755
Shangri-La Bengaluru,4.5,Excellent,584,5,Palace road ,Bangalore Palace,1.9 km ,"13,500",
The Leela Bhartiya City Bengaluru,4.6,Excellent,213,5,Tirumanahalli,,,"11,000",
"Holiday Inn Express & Suites, OMR Bengaluru",4.1,Very Good,526,4,Whitefield,,,"3,999",
Fairfield By Marriott Bengaluru Rajajinagar,3.9,Very Good,883,4,Rajajinagar,,,"5,400",
The Zuri Whitefield,4.3,Excellent,662,5,Whitefield,,,"6,501",780
MAYBAACH HOTELS,4.1,Very Good,79,3,Marathahalli,,,"2,820",660
Regenta Place Bangalore by Royal Orchid Hotels Limited,3.5,Very Good,923,4,Shivaji Nagar ,MG Road,2.2 km ,"2,848",342
Icon Business Hotel by Bhagini,3.6,Very Good,1024,3,HAL old airport road,,,"2,300",465
Sterlings Mac Hotel & Suites,4.1,Very Good,732,5,HAL old airport road,,,"6,768","1,368"
Nexstay Kites Inn,4.3,Excellent,36,3,Hosur road,,,"2,799",
The Leela Palace Bengaluru,4.5,Excellent,1048,5,HAL old airport road,,,"16,500",
Omatra Infantry Road | Rooms in a Homestay,3.8,Very Good,319,,Infantry Road ,MG Road,1.4 km ,"2,098",554
Bloom Hotel HSR Layout Sector 3,3.9,Very Good,24,3,HSR Layout,,,"5,500",
NOOR EMPIRE INTERNATIONAL,3.7,Very Good,1552,3,Koramangala,,,"2,776",752
Attide Biz,3.5,Very Good,468,3,Hebbal,,,"2,835",693
Stayhome Classic,4.3,Excellent,285,,Bilekahalli,,,"2,345",642
DoubleTree Suites by Hilton,4.3,Excellent,849,5,Outer Ring Road,,,"9,500",
Bloomrooms @ Indiranagar,4.1,Very Good,874,3,Indiranagar,,,"4,300",
RG Royal Hotel,4.2,Very Good,875,4,Yeshwanthpur,,,"3,666",741
Four Seasons Hotel Bengaluru at Embassy One,4.8,Excellent,302,5,Ganganagar ,Palace Grounds,990 m ,"14,875",
Ramee Strand inn,3,Good,348,3,Hosur road,,,"1,505",396
Shravanthi Sarovar Portico JP Nagar,3.6,Very Good,139,4,Outer Ring Road,,,"3,977",804
"Vivanta Bengaluru, Whitefield",4.3,Excellent,959,5,Whitefield,,,"7,500",
"Melange Astris
Like a 3",4.1,Very Good,1006,,Richmond road ,Cubbon Park,2.5 km ,"4,300",969
Octave Church Inn,3.5,Very Good,712,3,Church Street ,MG Road,94 m ,"1,669",337
Mastiff Infantry Bengaluru,4,Very Good,221,3,Infantry Road ,MG Road,1.8 km ,"1,865",569
"Country Inn and Suites by Radisson, Sahibabad",4.2,Very Good,15697,5,In Ghaziabad ,Delhi city centre,30.0 km ,"6,249",
Radisson Blu Kaushambi Delhi NCR,4,Very Good,1826,5,In Ghaziabad ,Delhi city centre,28.0 km ,"5,039",605
The Ashok,3.8,Very Good,5694,5,Chanakyapuri ,T1 - Delhi Airport (IGI Airport),9.8 km ,"6,288",
Pride Plaza Hotel Aerocity New Delhi,4,Very Good,7275,5,Aerocity ,Indira Gandhi International Airport,4.0 km ,"6,499",780
"Golden Tulip Vasundhara Hotel & Suites, Delhi NCR",3.9,Very Good,2057,4,In Ghaziabad ,Delhi city centre,31.0 km ,"3,386",871
"Welcomhotel by ITC Hotels, Dwarka, New Delhi",4,Very Good,9348,5,Sector 10 Dwarka,,,"6,223",
Holiday Inn New Delhi International Airport,4.2,Very Good,5734,5,Aerocity ,Indira Gandhi International Airport,3.8 km ,"6,999",
Novotel New Delhi International Airport- An Accor hotels brand,4.1,Very Good,4534,5,Aerocity ,Indira Gandhi International Airport,4.2 km ,"7,250",
The Suryaa New Delhi,4.1,Very Good,4314,5,New Friends Colony,,,"5,348","1,092"
The Hosteller Delhi | Private Rooms & Dorms,4.3,Excellent,795,,New Friends Colony,,,"2,228",503
The LaLiT New Delhi,4.1,Very Good,7908,5,Connaught Place,,,"9,040","2,430"
Radisson Blu Plaza Delhi Airport,4.3,Excellent,7275,5,Mahipalpur ,Indira Gandhi International Airport,5.2 km ,"4,500",765
Roseate House New Delhi,4.4,Excellent,9130,5,Aerocity ,Indira Gandhi International Airport,3.5 km ,"9,649","1,737"
Lemon Tree Hotel East Delhi Mall Kaushambi,3.9,Very Good,1550,4,In Ghaziabad ,Delhi city centre,24.0 km ,"2,073",752
YWCA OF DELHI BLUE TRIANGLE FAMILY HOSTEL,3.9,Very Good,505,,Connaught Place ,Metro Museum,690 m ,"2,620",770
Hotel Trans International,4.2,Very Good,6933,4,Mahipalpur ,Indira Gandhi International Airport,4.3 km ,"2,274",465
The Leela Ambience Convention Hotel Delhi,4.4,Excellent,3845,5,East Delhi,,,"7,499",
Jaypee Vasant Continental Hotel,4,Very Good,1696,5,Vasant Vihar ,T1 - Delhi Airport (IGI Airport),7.6 km ,"5,999",
YWCA INTERNATIONAL GUEST HOUSE,3.8,Very Good,412,,Connaught Place ,India Gate,3.0 km ,"2,408",648
Holiday Inn New Delhi Mayur Vihar,4.1,Very Good,2935,5,East Delhi,,,"6,249",
Lemon Tree Premier Delhi Airport,3.9,Very Good,9726,4,Aerocity ,Indira Gandhi International Airport,4.1 km ,"4,464","1,478"
Radisson Blu Marina Hotel Connaught Place,3.8,Very Good,2642,5,Connaught Place,,,"8,000",
The Metropolitan Hotel and Spa,4.1,Very Good,4049,5,Connaught Place,,,"7,500",
The Grand New Delhi,3.8,Very Good,1885,5,Vasant Kunj ,Indira Gandhi International Airport,7.7 km ,"12,899","2,322"
Crowne Plaza Mayur Vihar,4.3,Excellent,3398,5,East Delhi,,,"8,649",
Hotel Smart Plaza,4.3,Excellent,4031,3,Mahipalpur ,Indira Gandhi International Airport,4.4 km ,"1,525",423
Hotel Aero Star,4.3,Excellent,9760,4,Mahipalpur ,Indira Gandhi International Airport,4.3 km ,"2,472",505
Golden Bliss Near IGI Airport Mahipalpur,3,Good,108,,Mahipalpur ,Indira Gandhi International Airport,4.1 km ,"2,794",811
Hotel International Inn,4.1,Very Good,12005,3,Mahipalpur ,Indira Gandhi International Airport,4.3 km ,"2,199",537
The Park New Delhi,3.5,Very Good,6779,5,Connaught Place ,Connaught Place,730 m ,"7,905","2,125"
ibis New Delhi Aerocity - An Accor Brand,3.7,Very Good,5538,4,Aerocity ,Indira Gandhi International Airport,4.4 km ,"5,100",
goSTOPS Delhi - Rooms & Dorms,4.2,Very Good,1076,,Chandni Chowk ,Red Fort,1.8 km ,"1,481",384
Hotel The Royal Plaza,3.4,Good,10365,4,Connaught Place ,India Gate,2.3 km ,"7,379",885
"Taj Mahal, New Delhi",4.5,Excellent,991,5,Man Singh Road Area ,India Gate,1.2 km ,"12,000",
Hotel Shanti Palace (Mahipalpur),3.7,Very Good,2308,4,Mahipalpur ,Indira Gandhi International Airport,4.1 km ,"2,604",532
Aloft New Delhi Aerocity,4.2,Very Good,2906,5,Aerocity ,Indira Gandhi International Airport,4.1 km ,"6,950",
Radisson Blu Hotel New Delhi Dwarka,3.7,Very Good,7268,5,Sector 13 Dwarka,,,"5,953",714
Hotel Star,4.3,Excellent,1202,4,Mahipalpur ,Indira Gandhi International Airport,4.3 km ,"2,472",505
Pullman New Delhi International Airport- An Accor Luxury Brand,4.3,Excellent,2197,5,Aerocity ,Indira Gandhi International Airport,4.2 km ,"10,500",
Hotel Aman Continental @ Paharganj,4.3,Excellent,5760,3,Paharganj ,New Delhi Railway Station,390 m ,"2,045",620
"Taj Palace, New Delhi",4.5,Excellent,7913,5,Chanakyapuri ,T1 - Delhi Airport (IGI Airport),7.0 km ,"11,500",
Red Fox Hotel Delhi Airport,3.9,Very Good,7509,3,Aerocity ,Indira Gandhi International Airport,4.2 km ,"2,903","1,054"
"Vivanta New Delhi, Dwarka",4.3,Excellent,7707,5,Sector 21 Dwarka,,,"7,100",
The Gold Regency @ Paharganj,4.3,Excellent,2949,3,Paharganj ,New Delhi Railway Station,310 m ,"2,044",620
"Red Brick | Home by Earthaa Escapes
Like a 3",4.2,Very Good,132,,Malviya Nagar,,,"2,548",696
JW Marriott Hotel New Delhi Aerocity,4.5,Excellent,1308,5,Aerocity ,Indira Gandhi International Airport,4.1 km ,"12,800",
Crowne Plaza Rohini,4.3,Excellent,2702,5,Rohini,,,"6,498",
"Park Plaza, Shahdara",3.7,Very Good,3422,5,East Delhi,,,"3,825",
Andaz Delhi - A concept by Hyatt,4.3,Excellent,1272,5,Aerocity ,Indira Gandhi International Airport,3.9 km ,"11,000",
Homestay AC Dormitory at Kashmiri Gate,3.9,Very Good,256,,North Delhi,,,735,229
Zone Connect Saket Delhi,3.9,Very Good,390,5,Saket,,,"5,900","1,205"
Crowne Plaza Okhla,4.3,Excellent,2802,5,Okhla Industrial Area,,,"6,300",
Taurus Sarovar Portico,3.1,Good,845,4,Mahipalpur ,Indira Gandhi International Airport,4.0 km ,"2,976",608
The Leela Palace New Delhi,4.5,Excellent,449,5,Chanakyapuri ,T1 - Delhi Airport (IGI Airport),8.5 km ,"17,000",
Shangri-La Eros New Delhi,4.4,Excellent,1832,5,Connaught Place ,India Gate,2.3 km ,"12,500",
Sheraton New Delhi,4.5,Excellent,1706,5,Saket,,,"9,500",
"Hyatt Centric Janakpuri, New Delhi",3.6,Very Good,850,5,Janakpuri,,,"5,599",
ITC Maurya - A Luxury Collection Hotel,4.3,Excellent,2009,5,Chanakyapuri ,T1 - Delhi Airport (IGI Airport),7.4 km ,"11,000",
Le Meridien Delhi,4.2,Very Good,1622,5,Connaught Place ,India Gate,2.1 km ,"12,150",
"Eros Hotel New Delhi ,Nehru Place",4,Very Good,2733,5,Near Nehru Place,,,"4,999",
Jaypee Siddharth Hotel,3.7,Very Good,2052,5,Pusa road ,BLK Hospital,590 m ,"6,299",
Hotel Vertu,4,Very Good,3227,4,Mahipalpur ,Indira Gandhi International Airport,4.2 km ,"2,525",631
"Le ROI, Delhi@ New Delhi Railway Station",4,Very Good,4625,3,Paharganj,,,"2,474",633
Ashiana Hotel @ New Delhi Railway Station,3.7,Very Good,176,,Paharganj ,New Delhi Railway Station,880 m ,883,307
The Roseate,4.3,Excellent,2371,5,Mahipalpur ,Indira Gandhi International Airport,8.0 km ,"12,024","2,164"
"The Connaught, New Delhi - IHCL SeleQtions",4.5,Excellent,2016,4,Connaught Place ,Connaught Place,980 m ,"7,499",
Hyatt Regency New Delhi,4.2,Very Good,1655,5,R.K. Puram ,T1 - Delhi Airport (IGI Airport),8.3 km ,"8,100","1,863"
Hotel Samrat,3.2,Good,2214,4,Chanakyapuri ,T1 - Delhi Airport (IGI Airport),9.8 km ,"4,278",874
"New Delhi YMCA Tourist Hostel | Rooms & Wi-Fi
Like a 3",3.5,Very Good,1401,,Connaught Place ,Connaught Place,900 m ,"3,148",847
Golden Keys Inn,3.7,Very Good,752,3,North Delhi,,,"2,009",679
Ginger East Delhi,3.5,Very Good,3276,3,East Delhi,,,"1,839",
The Hans,3.6,Very Good,1397,4,Connaught Place ,Agrasen Ki Baoli,600 m ,"4,860",993
"Shubham Vilas
Like a 3",4.2,Very Good,323,,Rajouri Garden,,,"1,876",665
Ramada By Wyndham New Delhi Pitampura,3.5,Very Good,1620,4,North Delhi,,,"4,437",906
Svelte Hotel & Personal Suites,3.6,Very Good,967,5,Saket,,,"8,333",
The Grand Uddhav,4.2,Very Good,1838,3,Paharganj ,New Delhi Railway Station,740 m ,"3,081",817
Hotel Chanakya Inn,3.4,Good,2603,3,Mahipalpur ,Indira Gandhi International Airport,4.1 km ,"1,836",513
Hotel Viva Palace @ Delhi Airport,3.9,Very Good,528,4,Mahipalpur ,Indira Gandhi International Airport,4.2 km ,"2,271",567
Hotel Hari Piorko,3.8,Very Good,5220,3,Paharganj ,New Delhi Railway Station,630 m ,"1,104",412
Hotel Southern,3.4,Good,2350,3,Karol bagh,,,"1,951",469
Hotel Delhi 37,4.3,Excellent,8326,3,Mahipalpur ,Indira Gandhi International Airport,4.3 km ,"2,472",505
Red Fox Hotel East Delhi,3.6,Very Good,1069,3,East Delhi,,,"1,908",692
HOME@B11,2.3,Average,3,,East Of Kailash,,,"2,758",901
The Umrao,3.9,Very Good,2863,5,Samalka ,Indira Gandhi International Airport,6.5 km ,"5,000",
IIDL Suites,4.1,Very Good,1926,4,East Delhi,,,"4,900",
Four Points by Sheraton Delhi,4,Very Good,1662,4,Samalka ,Indira Gandhi International Airport,6.4 km ,"4,559",
"Deventure Sarovar Portico, Kapashera, New Delhi",3.9,Very Good,2681,4,Delhi ,Indira Gandhi International Airport,8.1 km ,"5,022","1,026"
"The Dream House BnB | Rooms & Caretaker
Like a 3",4.1,Very Good,41,,Safdarjung Enclave ,T1 - Delhi Airport (IGI Airport),9.4 km ,"2,542",684
"Park Inn by Radisson, IP Extension- New Delhi",3.8,Very Good,2618,4,East Delhi,,,"4,150",
The Claridges New Delhi,4.1,Very Good,1055,5,Motilal Nehru Marg Area ,India Gate,2.2 km ,"10,350","1,863"
De Pavilion Hotel,3.6,Very Good,2047,4,Mahipalpur ,Indira Gandhi International Airport,4.6 km ,"3,164",646
Venizia Sarovar Portico,3.6,Very Good,563,4,North Delhi,,,"3,766",769
Centaur Hotel,2.5,Average,676,3,Delhi Airport ,Indira Gandhi International Airport,2.0 km ,"3,202",654
The Orion Plaza - Nehru Place,3.8,Very Good,1180,3,Near Nehru Place,,,"2,706",589
Dee Marks Hotel & Resort Delhi Airport,3.4,Good,1572,4,Mahipalpur ,Indira Gandhi International Airport,8.8 km ,"2,534",633
HOTEL LE SEASONS,3.6,Very Good,581,4,Mahipalpur ,Indira Gandhi International Airport,3.8 km ,"2,653",700
Caspia Hotel New Delhi Shalimar Bagh,3.4,Good,1725,3,North Delhi,,,"2,799",572
"Park Inn by Radisson, Lajpat Nagar",4.1,Very Good,1856,4,Andrews Ganj,,,"6,999",
Jukaso Inn Down Town,3.6,Very Good,1207,3,Connaught Place ,Connaught Place,700 m ,"3,134",682
Hotel LA New Delhi,3.6,Very Good,1764,4,Mangolpuri,,,"3,438",702
Kelvish Hotel Near Delhi Airport,3.9,Very Good,1337,3,Mahipalpur ,Indira Gandhi International Airport,5.4 km ,"1,869",481
Radisson Hyderabad Hitec City,3.7,Very Good,7994,5,Gachibowli,,,"4,500",
The Park Hyderabad,3.7,Very Good,11318,5,Somajiguda,,,"5,699","1,284"
ITC Kohenur - A Luxury Collection Hotel,4.3,Excellent,2465,5,Hitech City,,,"16,150",
Fairfield by Marriott Hyderabad Gachibowli,3.9,Very Good,5006,4,Gachibowli,,,"4,004",818
Radisson Blu Plaza Hotel,4.1,Very Good,4632,5,Banjara Hills,,,"7,250",
Lemon Tree Hotel Gachibowli,4,Very Good,5372,4,Gachibowli,,,"4,183","1,518"
Red Fox Hotel Hyderabad,3.9,Very Good,4338,3,Hitech City,,,"2,654","1,050"
"Lemon Tree Hotel, Banjara Hills, Hyderabad",4.1,Very Good,2775,4,Banjara Hills,,,"2,571",933
"Taj Krishna, Hyderabad",4.5,Excellent,1580,5,Banjara Hills,,,"8,000",
Novotel Hyderabad Airport,3.9,Very Good,1278,5,Near Hyderabad Airport ,Rajiv Gandhi International Airport,3.6 km ,"12,999",
Rester Select Kukatpally,4,Very Good,263,3,Kukatpally,,,"2,463",674
The Golkonda Hotel,4.1,Very Good,3981,4,Masab Tank,,,"5,499",660
Trident Hyderabad,4.7,Excellent,1517,5,Hitech City,,,"14,250",
Ellaa Hotel Gachibowli,3.8,Very Good,4341,4,Gachibowli,,,"3,321",678
Lemon Tree Premier HITEC City Hyderabad,4,Very Good,5148,5,Hitech City,,,"3,151","1,246"
"Siri Inn Hospitality | Rooms in an Apartment
Like a 3",3.6,Very Good,681,,Hitech City,,,"1,287",373
ibis Hyderabad HITEC City - An Accor Brand,3.8,Very Good,1016,3,Hitech City,,,"4,499",
Hyatt Place Hyderabad Banjara Hills,4.1,Very Good,1695,5,Banjara Hills,,,"7,249",
"Vivanta Hyderabad, Begumpet",4.4,Excellent,2743,5,Begumpet,,,"6,500",
Zen Comfort,4,Very Good,300,,Gachibowli,,,"1,438",387
Hyderabad Marriott Hotel and Convention Centre,4.3,Excellent,1240,5,Kavadiguda,,,"6,500",
HOTEL SIGNATURE AIRPORT ZONE SHAMSHABAD,4.1,Very Good,2343,3,Shamshabad ,Rajiv Gandhi International Airport,8.5 km ,"2,217",571
Daspalla Hotel,4.1,Very Good,1948,4,Jubilee Hills,,,"5,413","1,386"
Hotel OAK by Signature,4.2,Very Good,1722,3,Shamshabad ,Rajiv Gandhi International Airport,8.5 km ,"1,317",346
Aditya Park Hyderabad - A Sarovar Hotel,4,Very Good,2503,4,Ameerpet,,,"6,111","1,248"
"Park Hyatt Hotel and Residences, Hyderabad",4.2,Very Good,874,5,Sri Nagar Colony,,,"10,000",
Marigold By Green Park,4.3,Excellent,2477,5,Ameerpet,,,"5,714","1,485"
Hotel Hyderabad Grand,3.8,Very Good,1599,3,Shamshabad ,Rajiv Gandhi International Airport,7.6 km ,"3,028",756
Green Park,4.2,Very Good,1864,4,Ameerpet,,,"5,122","1,267"
The Central Court,3.6,Very Good,3819,3,Lakdikapul,,,"2,041",566
Holiday Inn Express Hyderabad HITEC City,3.5,Very Good,1894,3,Hitech City,,,"4,499",
Slackpackr Hostel,4.1,Very Good,87,,Begumpet,,,849,237
Holiday Inn Express Hyderabad Banjara Hills,3.5,Very Good,2359,3,Punjagutta,,,"4,140",540
CITADEL Hotel By Vinnca,4.1,Very Good,949,3,Gaghan Pahad,,,"2,932",802
Aditya Hometel Hyderabad - A Sarovar Hotel,3.5,Very Good,2234,3,Ameerpet,,,"1,860",380
Hotel Deccan Serai Grande,4.4,Excellent,517,4,Gachibowli,,,"7,014","2,297"
Katriya Hotel and Towers,2.8,Average,3250,3,Somajiguda,,,"3,761",451
Hotel Saptagiri Hyderabad,3.8,Very Good,2861,3,Shivaji Nagar ,Secunderabad Junction Railway Station ,760 m ,"2,724",614
Hampshire Plaza Hotel,3.8,Very Good,1680,3,Lakdikapul,,,"3,379",891
"Taj Deccan, Hyderabad",4.4,Excellent,2694,5,Banjara Hills,,,"6,990",
Avasa Hotel,4.2,Very Good,2073,5,Madhapur,,,"6,696","1,368"
Hotel Akoya - HITECH City Hyderabad,4.1,Very Good,520,3,Hitech City,,,"2,471",681
MARIGOLD AT NEST,3.8,Very Good,93,2,Gachibowli,,,"1,346",307
HOTEL RAINTR33,3.8,Very Good,1012,3,Hitech City,,,"2,011",550
Urban Nest Luxury Rooms,3.9,Very Good,206,,Kokapet,,,"1,046",357
Novotel Hyderabad Convention Centre,4.2,Very Good,2033,5,Hitech City,,,"10,500",
Hotel B Plus L,4,Very Good,866,4,Hitech City,,,"3,360",795
La Hometel Hotel - HITECH City Hyderabad,3.9,Very Good,236,3,Hitech City,,,"1,435",387
Le Meridien Hyderabad,4.3,Excellent,1059,5,Gachibowli,,,"10,500",
"Restel Studio Flats
Like a 3",4.2,Very Good,262,,Borabanda,,,"1,801",504
The Conclave,3.2,Good,958,3,Gachibowli,,,"1,613",497
The Landmark Banjara Hills,4,Very Good,613,3,Banjara Hills,,,"1,696",437
THE CENT,3.3,Good,1544,3,Lakdikapul,,,"1,662",389
Courtyard by Marriott Hyderabad,4.5,Excellent,981,4,Kavadiguda,,,"6,000",
"The Wilderness Retreat | Rooms & Restaurant
Like a 4",3.9,Very Good,220,,Gandipet,,,"7,346","2,197"
The Altruist Business Hotel (Hitech),3.7,Very Good,1888,4,Shilpa Hills,,,"4,278","1,028"
Istay Hotels Hitec,3.7,Very Good,1236,3,Kondapur,,,"2,913",613
Hyatt Hyderabad Gachibowli,4.1,Very Good,864,5,Gachibowli,,,"8,750",
The Art Boutique Hotel,3.8,Very Good,1515,3,Gachibowli,,,"2,197",677
Hotel Imperial Classic,3.9,Very Good,2183,3,Himayat Nagar,,,"1,068",315
Mercure Hyderabad KCP - An AccorHotels brand,4.2,Very Good,773,4,Punjagutta,,,"5,000",
Veeraj Suites,4,Very Good,435,3,Rai Durg,,,"2,170",599
Bloom Hotel - Gachibowli,4.1,Very Good,181,3,Gachibowli,,,"4,500",
Oakwood Residence Kapil Hyderabad,4.5,Excellent,957,,Gachibowli,,,"7,500",
Aalankrita Resort & Convention,4.1,Very Good,3109,4,Secunderabad ,city centre,26.5 km ,"4,484",916
Minerva Grand- Kondapur,3.9,Very Good,1019,3,Kothaguda,,,"4,371",893
M SQUARE HOTEL,3.9,Very Good,263,3,Hitech City,,,"4,395",898
Sri Sri Suites,3.4,Good,152,,Madhapur,,,"1,208",330
The Manohar,2.7,Average,258,3,Begumpet,,,"3,158",645
The Lime Boutique Suites,4.1,Very Good,1434,3,Gachibowli,,,"2,976",608
Taj Tristar,3.9,Very Good,992,3,Secunderabad ,city centre,7.7 km ,"2,271",494
Minerva Grand - Banjara,4,Very Good,1453,3,Banjara Hills,,,"4,464",912
Sheraton Hyderabad,4.3,Excellent,769,5,Gachibowli,,,"1,250",
ITC Kakatiya - A Luxury Collection Hotel,4.2,Very Good,1071,5,Begumpet,,,"9,690",
Bikanervala Boutique Hotel,4.1,Very Good,1037,3,Banjara Hills,,,"3,488",713
The Park Kolkata,3.9,Very Good,7647,5,New Market Area ,Park Street,210 m ,"4,207",886
"Zone By The Park, Kolkata",3.8,Very Good,8656,5,New Town,,,"3,915",926
JW Marriott Hotel Kolkata,4.4,Excellent,1527,5,Tangra,,,"7,800",
ibis Kolkata Rajarhat - An Accor Brand,3.9,Very Good,2355,4,New Town,,,"2,220",
The Lalit Great Eastern Kolkata,4.2,Very Good,2486,5,Bow Barracks ,Eden Gardens,970 m ,"6,365",764
ITC Royal Bengal - A Luxury Collection Hotel,4.5,Excellent,3849,5,Tangra,,,"8,925",
"Lemon Tree Premier, New Town, Kolkata",4.2,Very Good,3026,5,New Town,,,"2,156",782
Novotel Kolkata Hotel and Residences,4.1,Very Good,2827,5,New Town,,,"5,060",
All Fresco Hotel,3.7,Very Good,688,3,Baguiati ,Netaji Subhash Chandra Bose International Airport,5.6 km ,"1,637",483
Regenta Orko's Kolkata,3.9,Very Good,2055,4,Kasba ,Acropolis Mall,680 m ,"3,321",449
"Holiday Inn Express, Kolkata Airport",4.1,Very Good,1655,3,Dum Dum ,Netaji Subhash Chandra Bose International Airport,1.7 km ,"4,099",
Himalayan Inn Guest House - Near TCS Gitobitan,3.3,Good,534,,Salt Lake City,,,724,257
Holiday Inn Kolkata Airport,4.1,Very Good,2486,5,Chinar Park ,Netaji Subhash Chandra Bose International Airport,4.7 km ,"4,600",
"Taj City Centre New Town, Kolkata",4.4,Excellent,1556,5,Rajarhat ,Netaji Subhash Chandra Bose International Airport,5.8 km ,"5,650",
"Vivanta Kolkata, EM Bypass",4.4,Excellent,2031,5,East Kolkata Township,,,"5,500",
Hyatt Regency Kolkata,4.2,Very Good,1426,5,Salt Lake City ,Salt Lake Stadium,740 m ,"5,780",694
"Bandhan Residency
Like a 3",3.7,Very Good,460,,Kaikhali ,Netaji Subhash Chandra Bose International Airport,3.0 km ,"1,102",350
The Oberoi Grand,4.7,Excellent,1268,5,New Market Area ,Park Street,930 m ,"8,000",
"Fairfield by Marriott, Kolkata",4.1,Very Good,2332,4,New Town,,,"2,499",
Ethnotel,4,Very Good,3211,3,Dum Dum ,Netaji Subhash Chandra Bose International Airport,1.7 km ,"2,949",621
Backpackers Park Hostel @ParkStreet,3.8,Very Good,417,,New Market Area ,Park Street,150 m ,893,209
THE WESTIN KOLKATA RAJARHAT,4.4,Excellent,2067,5,New Town ,Netaji Subhash Chandra Bose International Airport,9.3 km ,"5,699",
"Taj Bengal, Kolkata",4.6,Excellent,1165,5,Alipore,,,"8,000",
Hotel Senses,3.9,Very Good,1943,4,Salt Lake City ,Salt Lake Sec V,900 m ,"3,716","1,016"
ITC Sonar - A Luxury Collection Hotel,4.4,Excellent,2325,5,Tangra,,,"7,225",
Kenilworth Hotel,4.3,Excellent,669,4,Park Street Area,,,"6,054",727
The Peerless Inn,3.9,Very Good,3539,4,Near Howrah Train Station ,Eden Gardens,770 m ,"4,186",855
De Sovrani,3.9,Very Good,1260,4,Salt Lake City,,,"2,916",690
"Pride Plaza Hotel, Kolkata",3.9,Very Good,1861,5,New Town,,,"2,800",336
"City Central Hostel, Kolkata",4.6,Excellent,77,,Kolkata ,Dharamtala Market,980 m ,736,198
Siamton Inn - A Cygnett Collection,4,Very Good,2312,4,Park Street ,Park Street,10 m ,"2,790",677
Hotel Aauris,4.1,Very Good,1658,4,Park Street ,Park Street,430 m ,"4,650",950
"Howard Johnson by Wyndham, Kolkata Airport",3.9,Very Good,1150,4,Chinar Park ,Netaji Subhash Chandra Bose International Airport,3.6 km ,"2,500",
Park Prime Kolkata,3.8,Very Good,2036,3,Ballygunge,,,"3,652","1,006"
Joey's Nest,4.7,Excellent,54,,Salt Lake City ,Netaji Subhash Chandra Bose International Airport,9.5 km ,"2,245",583
Hotel Hindusthan International,3.6,Very Good,1907,5,Bhowanipore,,,"4,134",978
Hotel Niharika,4.1,Very Good,1551,3,Elgin,,,"2,790",570
Vedic Village Spa Resort,4,Very Good,3761,4,Vedic Village,,,"3,688",944
Park Palace Hotel,3.6,Very Good,1471,3,Ballygunge,,,"1,350",431
Offbeat CCU Bunkers,4.3,Excellent,92,,Topsia,,,944,205
Monotel Luxury Business Hotel,3.9,Very Good,1744,4,Salt Lake City,,,"3,523",855
AIRPORT CITY HOTEL,3.9,Very Good,1658,4,Birati ,Netaji Subhash Chandra Bose International Airport,2.0 km ,"2,994",767
The Lindsay,3.5,Very Good,1990,3,New Market Area ,Park Street,870 m ,"2,907",710
RituIvy,4,Very Good,547,3,East Kolkata Township,,,"2,132",588
Hotel O2 Oxygen,3.8,Very Good,826,4,Near Kolkata Airport ,Netaji Subhash Chandra Bose International Airport,2.1 km ,"2,856",583
VISITEL - A BOUTIQUE HOTEL,3.8,Very Good,1058,3,Kankurgachi,,,"1,991",590
IndiSmart Hotel,3.9,Very Good,277,3,Salt Lake City,,,"1,999",515
LYNQ AERO,4,Very Good,461,3,Salt Lake City,,,"3,242",767
"Park Guest House, Kolkata",3.7,Very Good,19,,Park Street ,Park Street,140 m ,"1,045",315
Regenta Inn Larica,3.6,Very Good,1448,3,Chinar Park ,Netaji Subhash Chandra Bose International Airport,4.1 km ,"2,713",419
Golden Tulip Kolkata,4.1,Very Good,1538,4,Salt Lake City,,,"3,772",770
The Senator,4.3,Excellent,1016,3,Elgin,,,"2,511",513
Gallery 67,4.2,Very Good,832,3,Ghose Bagan ,Netaji Subhash Chandra Bose International Airport,9.4 km ,"2,536",737
CHOWDHURY'S ESTATES,3.5,Very Good,24,,Elgin,,,"1,935",480
Pipal Tree Hotel,4,Very Good,2274,4,Chinar Park ,Netaji Subhash Chandra Bose International Airport,4.2 km ,"3,579",846
Stayotel,4,Very Good,606,3,Dum Dum ,Netaji Subhash Chandra Bose International Airport,1.5 km ,"2,365",672
"Raajkutir, Kolkata - IHCL SeleQtions",4.6,Excellent,576,5,Kankurgachi ,Salt Lake Stadium,810 m ,"5,350",
The Sonnet,4.1,Very Good,844,4,Salt Lake City,,,"4,937","1,233"
"Krishna Kunja | Rooms & Caretaker
Like a 3",4.6,Excellent,99,,South Dum Dum ,Netaji Subhash Chandra Bose International Airport,5.1 km ,"1,440",418
Aristocrat Hotel,3.7,Very Good,262,4,New Town,,,"1,966",409
The Fern Residency Kolkata,3.8,Very Good,1051,3,Chinar Park ,Netaji Subhash Chandra Bose International Airport,4.2 km ,"2,462",582
Sapphire Suites,3.8,Very Good,776,3,New Market Area ,Park Street,780 m ,"3,089",631
Victoria Hotel,4,Very Good,862,3,Chinar Park ,Netaji Subhash Chandra Bose International Airport,4.0 km ,"2,388",720
The Pearl Hotel,3.3,Good,608,3,Beliaghata ,Salt Lake Stadium,840 m ,"1,517",484
The Astor,4.2,Very Good,933,4,Park Street Area,,,"4,502",920
Barsana Boutique Hotel (Pure vegetarian),4.2,Very Good,296,3,Tangra,,,"3,767",770
THE MAUREEN KOLKATA,4,Very Good,1441,3,Baguiati ,Netaji Subhash Chandra Bose International Airport,4.7 km ,"3,188",671
The Aster Penthouse,4.2,Very Good,12,,Ballygunge ,Park Street,960 m ,"1,766",532
The Firangipani Suites,4,Very Good,106,3,New Town,,,"1,980",484
Celesta,4.1,Very Good,1087,3,Baguiati ,Netaji Subhash Chandra Bose International Airport,5.8 km ,"3,085",842
HOTEL EASTERN PLAZA,3.3,Good,1312,3,Kaikhali ,Netaji Subhash Chandra Bose International Airport,4.1 km ,"1,192",331
Hotel Aura,3.6,Very Good,432,3,New Market Area,,,"2,106",599
Viceroy Kolkata (Boutique Hotel),3.8,Very Good,1077,3,Chinar Park ,Netaji Subhash Chandra Bose International Airport,3.8 km ,"2,562",523
Beyzaa Hotel & Suites (Brewery Hotel),4.2,Very Good,593,4,Salt Lake City,,,"4,589",551
The CORPORATE,3.4,Good,577,3,Park Street ,Park Street,130 m ,"3,086",867
Hotel Trimoorti,3.6,Very Good,1375,3,Bhowanipore,,,"1,488",476
Bubble Beds,3.9,Very Good,376,,Kalighat ,Kalighat Kali Temple,960 m ,597,161
The Opus Kolkata - A Boutique Hotel,3.9,Very Good,376,3,Bhowanipore,,,"2,372",485
Hotel Crest Inn,3.7,Very Good,975,,Park Circus,,,"1,260",382
Golden Parkk,3.6,Very Good,219,3,Park Street Area ,Park Street,960 m ,"3,767",770
Hotel The Crest,3.8,Very Good,324,,Park Circus,,,"1,328",384
Park Victoria Hotel,3.4,Good,383,,New Market Area ,Park Street,250 m ,"1,507",308
The Samilton,4,Very Good,777,3,Bhowanipore,,,"3,499",420
Treebo Trend Orion Sapphire Beck Bagan,3.8,Very Good,127,,Park Street ,Park Street,770 m ,"2,540",530
Eennra Oiitijhyya,4.4,Excellent,142,3,Keyatala,,,"1,994",567
"The Aster Heritage Homestay | Rooms & Caretaker
Like a 3",4.3,Excellent,115,,New Market Area ,Park Street,60 m ,"2,452",660
Basera Guest House,4.1,Very Good,635,,Gariahat,,,"1,000",289
LYNQ-CICO - Hotel,3.8,Very Good,634,3,Alipore,,,"2,372",576
The Lake Hotel,3.7,Very Good,396,3,Dhakuria,,,"1,986",528
"The Aster Heritage Gold
Like a 3",4.4,Excellent,17,,New Market Area ,Park Street,50 m ,"4,723","1,320"
Treebo Tryst Tahoora International Park Street,3.7,Very Good,70,3,Park Street ,Park Street,100 m ,"3,257",680
Southern Plaza,3.8,Very Good,276,3,Kalighat,,,"3,201",674
DIAMOND PLAZA,3.8,Very Good,736,,Bow Bazaar ,College Street,800 m ,"1,850",438
Lytton Hotel,3.6,Very Good,431,3,New Market Area ,Park Street,560 m ,"3,004",711
"Dorota House | Room & Caretaker
Like a 3",4,Very Good,73,,Salt Lake City,,,"1,365",412
Hotel O2 VIP,3.9,Very Good,356,3,Near Kolkata Airport ,Netaji Subhash Chandra Bose International Airport,2.0 km ,"2,212",481
Hotel Gateway Continental,3.8,Very Good,600,3,Dum Dum ,Netaji Subhash Chandra Bose International Airport,1.3 km ,"2,800",737
Hotel Air View,4,Very Good,539,,Dum Dum ,Netaji Subhash Chandra Bose International Airport,1.8 km ,"1,078",255
Hotel Casa Fortuna,3.9,Very Good,693,3,Park Street Area,,,"3,934",950
Middleton Inn,3.5,Very Good,264,3,Park Street ,Park Street,710 m ,"2,590",545
Hotel Sawood International,3.6,Very Good,687,3,Tangra,,,"2,122",560
The Orchid Hotel Mumbai Vile Parle,4,Very Good,5593,5,Near Mumbai Airport ,T1 - Chhatrapati Shivaji International Airport,930 m ,"6,499",780
Trident Bandra Kurla,4.6,Excellent,4987,5,Bandra Kurla Complex ,T1 - Chhatrapati Shivaji International Airport,7.8 km ,"8,750",
ITC Grand Central - A Luxury Collection Hotel,4.5,Excellent,2445,5,South Mumbai ,Cooper hospital,620 m ,"14,000",
IRA By Orchid Mumbai ( VITS Mumbai),3.9,Very Good,4707,4,Near Mumbai Airport ,T2 - Chhatrapati Shivaji International Airport,2.3 km ,"5,099",612
Trident Nariman Point,4.6,Excellent,5563,5,Marine Drive ,Queen's Necklace - Marine Drive,470 m ,"11,250",
The Lalit Mumbai,4.1,Very Good,6468,5,Near Mumbai Airport ,T2 - Chhatrapati Shivaji International Airport,1.3 km ,"11,160","3,000"
"Ginger Mumbai, Andheri East",3.7,Very Good,5340,4,Andheri East ,T1 - Chhatrapati Shivaji International Airport,3.3 km ,"3,679",
"Taj Santacruz, Mumbai",4.6,Excellent,4563,5,Near Mumbai Airport ,T1 - Chhatrapati Shivaji International Airport,560 m ,"9,000",
Hotel Surya Prakash,3.9,Very Good,121,3,Chembur,,,"3,939",968
Hilton Mumbai International Airport,4.2,Very Good,1686,5,Near Mumbai Airport ,T2 - Chhatrapati Shivaji International Airport,1.6 km ,"9,100",
Holiday Inn Mumbai International Airport,4.3,Excellent,2744,5,Near Mumbai Airport ,T2 - Chhatrapati Shivaji International Airport,3.0 km ,"6,999",
goSTOPS Mumbai - Rooms & Dorms,3.9,Very Good,1376,,South Mumbai,,,816,211
The Regale by Tunga,4.1,Very Good,4946,3,Andheri East ,T2 - Chhatrapati Shivaji International Airport,3.6 km ,"4,427",932
"Taj Lands End, Mumbai",4.5,Excellent,4222,5,Bandra West ,Band Stand,230 m ,"11,000",
"Ramada Plaza By Wyndham Palm Grove, Juhu, Mumbai",4.1,Very Good,7206,5,Juhu ,T1 - Chhatrapati Shivaji International Airport,5.8 km ,"7,095","2,136"
Sahara Star,4.2,Very Good,7303,5,Near Mumbai Airport ,T1 - Chhatrapati Shivaji International Airport,760 m ,"10,400","1,872"
Qubestay Airport Capsule Hostel | Rooms & Dorms,3.8,Very Good,632,,Andheri East ,T2 - Chhatrapati Shivaji International Airport,3.6 km ,"1,160",341
Courtyard by Marriott Mumbai International Airport,4.3,Excellent,1829,5,Near Mumbai Airport ,T2 - Chhatrapati Shivaji International Airport,3.3 km ,"7,500",
The Westin Mumbai Garden City,4.4,Excellent,1431,5,Goregaon ,T1 - Chhatrapati Shivaji International Airport,9.5 km ,"9,000",
JW Marriott Mumbai Juhu,4.4,Excellent,1731,5,Juhu ,T1 - Chhatrapati Shivaji International Airport,5.5 km ,"12,500",
ITC Maratha - A Luxury Collection Hotel,4.4,Excellent,4680,5,Near Mumbai Airport ,T2 - Chhatrapati Shivaji International Airport,1.4 km ,"10,030",
City Stay,4.6,Excellent,214,,Andheri East ,T1 - Chhatrapati Shivaji International Airport,3.7 km ,"1,229",370
JW Marriott Mumbai Sahar,4.5,Excellent,2139,5,Near Mumbai Airport ,T2 - Chhatrapati Shivaji International Airport,1.2 km ,"9,500",
Radisson Mumbai Andheri MIDC,4.3,Excellent,3609,5,Andheri East ,T2 - Chhatrapati Shivaji International Airport,4.1 km ,"7,000",
Sofitel Mumbai BKC- Luxury Brand by Accor,4.3,Excellent,2276,5,Bandra Kurla Complex ,T1 - Chhatrapati Shivaji International Airport,7.6 km ,"8,550","1,539"
The Leela Mumbai,4.5,Excellent,2861,5,Near Mumbai Airport ,T2 - Chhatrapati Shivaji International Airport,1.7 km ,"10,500",
Novotel Mumbai International Airport,4.4,Excellent,102,5,Near Mumbai Airport ,T2 - Chhatrapati Shivaji International Airport,1.8 km ,"8,299",
Radisson Blu Mumbai International Airport,4.4,Excellent,2166,5,Near Mumbai Airport ,T2 - Chhatrapati Shivaji International Airport,2.1 km ,"7,499",
Sun-N-Sand,4.2,Very Good,2353,5,Juhu ,T1 - Chhatrapati Shivaji International Airport,5.8 km ,"8,835","2,660"
The St. Regis Mumbai,4.5,Excellent,1328,5,South Mumbai ,Tata memorial cancer hospital,640 m ,"12,500",
Niranta Airport Transit Hotel & Lounge Terminal 2 Arrivals/Landside,4,Very Good,1443,4,In Mumbai Airport ,,,"9,303","2,501"
"Zostel Mumbai
Like a 3",4,Very Good,738,,Andheri East ,T2 - Chhatrapati Shivaji International Airport,3.6 km ,"1,342",285
"President, Mumbai - IHCL SeleQtions",4.4,Excellent,2510,5,South Mumbai ,Queen's Necklace - Marine Drive,2.4 km ,"10,400",
Novotel Mumbai Juhu Beach,3.6,Very Good,2306,5,Juhu ,T1 - Chhatrapati Shivaji International Airport,5.6 km ,"8,500",
Ibis Mumbai Airport - An Accor Brand,3.6,Very Good,1990,3,Near Mumbai Airport ,T1 - Chhatrapati Shivaji International Airport,680 m ,"6,499",
"Ginger Mumbai, Andheri (MIDC)",3.4,Good,2721,3,Jogeshwari East ,T2 - Chhatrapati Shivaji International Airport,5.3 km ,"2,624",
Lakeside Chalet Marriott Executive Apartments,4.1,Very Good,362,,Powai ,T2 - Chhatrapati Shivaji International Airport,6.5 km ,"9,000",
"Lemon Tree Hotel, Kalina, Mumbai",3.3,Good,324,4,Bandra Kurla Complex ,T1 - Chhatrapati Shivaji International Airport,6.7 km ,"4,975","1,806"
Ramee Guestline Hotel Juhu,3.6,Very Good,3162,4,Juhu ,T1 - Chhatrapati Shivaji International Airport,5.7 km ,"5,275","1,430"
Ramee Techome,4,Very Good,1173,4,Khar West ,T1 - Chhatrapati Shivaji International Airport,5.2 km ,"6,231","1,273"
Shabana,3.5,Very Good,216,,Colaba ,Gateway Of India Mumbai,1.1 km ,"1,304",355
Hotel Bawa International,4,Very Good,1817,3,Near Mumbai Airport ,T1 - Chhatrapati Shivaji International Airport,810 m ,"5,000",
"Ginger Mumbai, Goregaon",3.8,Very Good,478,4,Goregaon ,T1 - Chhatrapati Shivaji International Airport,8.5 km ,"3,224",
Grand Hyatt Mumbai,4.3,Excellent,1855,5,Near Mumbai Airport ,T1 - Chhatrapati Shivaji International Airport,3.7 km ,"10,000",
Hotel Marine Plaza,4.2,Very Good,1292,5,Churchgate ,Queen's Necklace - Marine Drive,270 m ,"9,449","1,701"
"Lemon Tree Premier, Mumbai International Airport, Mumbai",4.2,Very Good,5001,5,Near Mumbai Airport ,T2 - Chhatrapati Shivaji International Airport,2.3 km ,"3,566","1,294"
Hotel Airport International,3.7,Very Good,3139,3,Near Mumbai Airport ,T1 - Chhatrapati Shivaji International Airport,780 m ,"3,255",770
Dragonfly Hotel - The Art Hotel,3.5,Very Good,906,4,Near Mumbai Airport ,T2 - Chhatrapati Shivaji International Airport,3.1 km ,"3,035",935
Four Seasons Hotel Mumbai,4.4,Excellent,1863,5,South Mumbai,,,"49,000",
Gateway Inn | Rooms in an Apartment,3.2,Good,356,,Near Mumbai Airport ,T2 - Chhatrapati Shivaji International Airport,2.3 km ,"1,839",495
"The Oberoi, Mumbai",4.7,Excellent,876,5,Marine Drive ,Queen's Necklace - Marine Drive,420 m ,"16,750",
Hotel Jyoti Dwelling,4.2,Very Good,1539,3,Near Mumbai Airport ,T2 - Chhatrapati Shivaji International Airport,3.2 km ,"2,232",456
Indie Stays,3.9,Very Good,1406,3,Bandra Kurla Complex ,T1 - Chhatrapati Shivaji International Airport,5.8 km ,"6,975","1,425"
Meluha - The Fern,4.4,Excellent,2189,5,Powai ,T2 - Chhatrapati Shivaji International Airport,7.2 km ,"7,109","1,911"
Afra dormitory,4.8,Excellent,4,,Andheri East ,T2 - Chhatrapati Shivaji International Airport,3.3 km ,848,228
Hotel Airlink,3.8,Very Good,387,3,Near Mumbai Airport ,T1 - Chhatrapati Shivaji International Airport,950 m ,"3,204",798
The Fern Goregaon,4.2,Very Good,1842,5,Goregaon ,T1 - Chhatrapati Shivaji International Airport,8.9 km ,"7,988","2,405"
Mirage Hotel,4.1,Very Good,1820,4,Near Mumbai Airport ,T2 - Chhatrapati Shivaji International Airport,1.7 km ,"6,126","1,251"
"RELOhomes | 1 BHK Apartment
Like a 4",4.6,Excellent,45,,Powai ,T2 - Chhatrapati Shivaji International Airport,7.7 km ,"5,721","1,420"
Click Hotel Caliph,3.3,Good,834,3,Powai ,T2 - Chhatrapati Shivaji International Airport,5.4 km ,"4,500",
HOTEL LEAFIO MARIGOLD,3.7,Very Good,1387,3,Near Mumbai Airport ,T2 - Chhatrapati Shivaji International Airport,2.2 km ,"3,162",748
"Keys Select by Lemon Tree Hotels, Nestor, Mumbai",3.5,Very Good,1528,3,Andheri East ,T2 - Chhatrapati Shivaji International Airport,3.0 km ,"3,623","1,288"
Hotel Sea Princess,4.1,Very Good,1762,5,Juhu ,T1 - Chhatrapati Shivaji International Airport,5.6 km ,"7,952","2,138"
HOTEL WEGO,4.1,Very Good,1335,3,Near Mumbai Airport ,T2 - Chhatrapati Shivaji International Airport,2.2 km ,"3,495","1,128"
Rodas - An Ecotel Hotel,4.4,Excellent,795,3,Powai ,T2 - Chhatrapati Shivaji International Airport,7.0 km ,"7,998","2,150"
The Westin Mumbai Powai Lake,4.3,Excellent,1282,5,Powai ,T2 - Chhatrapati Shivaji International Airport,6.7 km ,"9,000",
Mayura Aureole Co-Living,4.2,Very Good,143,,Goregaon ,T1 - Chhatrapati Shivaji International Airport,8.4 km ,"1,496",418
Sea Green Hotel,3.8,Very Good,1203,3,Churchgate ,Queen's Necklace - Marine Drive,450 m ,"4,692","1,265"
ibis Mumbai Vikhroli - An Accor Brand,3.9,Very Good,327,4,Vikhroli West ,T2 - Chhatrapati Shivaji International Airport,9.5 km ,"6,299",
Aboo's Concord Galaxy,3.3,Good,798,3,Near Mumbai Airport ,T2 - Chhatrapati Shivaji International Airport,1.9 km ,"3,228",831
The Paradise by Tunga,4,Very Good,1202,3,Andheri East ,T2 - Chhatrapati Shivaji International Airport,3.4 km ,"5,864","1,424"
Address Dormitory,4,Very Good,240,,Andheri East ,T2 - Chhatrapati Shivaji International Airport,3.2 km ,404,113
Arnna Hotel - Goregaon,3.8,Very Good,135,3,Goregaon ,T1 - Chhatrapati Shivaji International Airport,7.9 km ,"2,919",830
Ramee Guestline Hotel - Dadar,4.1,Very Good,774,4,South Mumbai,,,"6,814","1,612"
Hotel Metro Palace,3.6,Very Good,1167,3,Bandra West ,Band Stand,2.5 km ,"4,064",495
Hotel Manama,3.5,Very Good,1566,3,South Mumbai ,Gateway Of India Mumbai,2.3 km ,"3,158",747
Aashiyana Dormitory,3.1,Good,277,,South Mumbai ,Gateway Of India Mumbai,2.4 km ,630,176
T24 Residency,4,Very Good,2465,4,Near Mumbai Airport ,T2 - Chhatrapati Shivaji International Airport,2.0 km ,"4,099",
"The Taj Mahal Palace, Mumbai",4.7,Excellent,802,5,Colaba ,Gateway Of India Mumbai,280 m ,"27,000",
The Roa Hotel,3.7,Very Good,1300,3,Ghatkopar West ,T2 - Chhatrapati Shivaji International Airport,5.5 km ,"2,976",608
Hotel Leafio,3.5,Very Good,1919,3,Near Mumbai Airport ,T2 - Chhatrapati Shivaji International Airport,3.1 km ,"2,199",264
The Byke Delotel,3.8,Very Good,419,3,Borivali West,,,"3,183",903
The Empresa Hotel,3.8,Very Good,701,4,Andheri West ,T1 - Chhatrapati Shivaji International Airport,7.6 km ,"8,099","1,458"
HOTEL KOHINOOR PARK,3.8,Very Good,592,3,South Mumbai ,Siddhivinayak Temple,480 m ,"3,596","1,118"
The Altruist Business Hotel (Andheri),3.6,Very Good,1257,3,Jogeshwari East ,T1 - Chhatrapati Shivaji International Airport,4.5 km ,"2,763",711
Hotel Parle International,3.7,Very Good,3158,3,Near Mumbai Airport ,T1 - Chhatrapati Shivaji International Airport,1.9 km ,"4,836","1,052"
Ocean Dormitory,3.6,Very Good,67,,Asalpha ,T2 - Chhatrapati Shivaji International Airport,3.7 km ,925,249
Hotel Beacon T2,3.2,Good,955,4,Near Mumbai Airport ,T2 - Chhatrapati Shivaji International Airport,3.9 km ,"3,600",851
Hotel Columbus,3.6,Very Good,1401,3,Near Mumbai Airport ,T1 - Chhatrapati Shivaji International Airport,1.5 km ,"2,608",567
Sea Green South Hotel,3.9,Very Good,985,3,Churchgate ,Queen's Necklace - Marine Drive,440 m ,"5,583","1,389"
Hotel Suba International,4.3,Excellent,683,4,Near Mumbai Airport ,T2 - Chhatrapati Shivaji International Airport,2.0 km ,"6,700",
Classic Dormitory,3.8,Very Good,123,,Andheri East ,T2 - Chhatrapati Shivaji International Airport,3.5 km ,572,145
The Resort Mumbai,4.2,Very Good,3937,5,Madh,,,"11,811","3,556"
The Mirador,3.7,Very Good,384,4,Near Mumbai Airport ,T1 - Chhatrapati Shivaji International Airport,3.2 km ,"6,750",810
The Sahil Hotel,4.2,Very Good,1587,4,South Mumbai ,Mumbai Central Bus Terminus,610 m ,"4,650","1,100"
Avion Hotel,3.3,Good,1154,3,Near Mumbai Airport ,T1 - Chhatrapati Shivaji International Airport,1.6 km ,"4,205","1,033"
Blossom Dormitory ( For Male and Female),3.6,Very Good,214,,Sakinaka ,T2 - Chhatrapati Shivaji International Airport,3.4 km ,678,189
Comfort Inn Heritage,3.9,Very Good,963,4,South Mumbai,,,"4,743","1,122"
Hotel Planet Residency,3.8,Very Good,1064,3,Near Mumbai Airport ,T1 - Chhatrapati Shivaji International Airport,2.2 km ,"3,726","1,028"
Hotel Kohinoor Elite,4.1,Very Good,2183,4,Near Mumbai Airport ,T2 - Chhatrapati Shivaji International Airport,6.1 km ,"7,250",
Residency Hotel Andheri,4,Very Good,1866,4,Andheri East ,T1 - Chhatrapati Shivaji International Airport,3.2 km ,"4,883","1,155"
